Company Name,Location,Phone
't Boskaboutertje,Bosweg 77 7313 CA Apeldoorn,0641623804
't Hummelhûs Kinderopvang,Schoterlandseweg 135 8413 NH Oudehorne,0513541414
't Kindercentrum Kickertje,Oranjelaan 24/A 2635 JL Den Hoorn,0152573212
't Klimrek,Rijstegoed 4 3863 BZ Nijkerk,0332470750
't Knuffeltje Kinderdagverblijf & Buitenschoolse opvang,Hendrick de Keyserweg 6 2612 KE Delft,0152141470
't Nest Kinderdagverblijf,Ursulinenweide 7 5971 ED Grubbenvorst,0773661955
't Speelhonk - Bloemendaal B.V.,Willem Barentszlaan 36 2803 XP Gouda,0182-558998
't Speelhonk - BSO's,Westhaven 34 2801 PK Gouda,0182689118
't Speelhonk - Goverwelle (Kindercentrum),Goverwellesingel 100 2807 DX Gouda,0182585112
't Speelhonk - Korte Akkeren (Kindercentrum),Tesselschadestraat 1 2802 TV Gouda,0182522140
"(K)individu  ""Zorgzame Buitenschoolse Opvang""",Hamsterkoog 15 1822 CD Alkmaar,072-5623000
10forKIDS,Paulus Buijsstraat 51 2582 CH 's-gravenhage,06-10936680/06-30399278
2Samen Kinderopvang,Laan van Meerdervoort 70 2517 AN 's-Gravenhage,0703385500
4Kids Gastouderbureau,Marktplein 8 8141 AG Heino,0572 341000
@penkooi,Sint Sebastianusstraat 10 5935 AX Steijl,077- 3260028
agrarisch kinderdagverblijf Knorretje,Buitenbrinkweg 81 3853 LV Ermelo,0617866829
Algemene Chr St Shezaf Kinderdagverblijven,Prinses Irenelaan 3 2404 BH Alphen aan den Rijn,0172234254
Alles Kids Kindercentrum,Mimosastraat 97 9713 TR Groningen,0503142952
Alles Kids Kinderdagverblijf,Van Leeuwenhoekstraat 57 1222 SH Hilversum,0356479797
Altijd Lente Kinderopvang,Ginnekenweg 327 4835 ND Breda,0765600618
Amigo,Nieuweweg 12 3233 BK Oostvoorne,0181-480441
Animatiehuis,Bennekelstraat 135 5654 DD Eindhoven,06-47858607
Aska Kinderopvang Assen/Midden Drenthe,Laak 1 9406 HX Assen,0592301993
Atlantis,Annendaal 10 6002 VJ Weert,0495-548563
Avontuur,Jan van Arkelweg 12 3791 AC Achterveld,06-13491016
BamBam & Pebbles,Johan Wagenaarlaan 1 2102 GA Heemstede,023 - 5 40 11 40
Bambino Kinderopvang,Weemselerweg 24 7665 TX Albergen,0546442085
Bambino te Gendringen PSZ / De Berenhut BSO / Berend Botje KDV,Dominee van Dorpstraat 3 7081 BD Gendringen,0315-632035
BeeKidzzZ... Speelparadijs,Nederlandstraat 86 1363 DB Almere,036 536 9394
Belhamels,Pelgrimshove 10 3834 XM Leusden,033-4947144
Belle Fleur Princenhage,Haagweg 466 4813 XG Breda,0765147309
Belle Fleur Teteringsedijk,Teteringsedijk 297a 4817 ME Breda,0765425650
Bende van Boven,Molenstraat 11 4641 BA Ossendrecht,0164-614168
Bengels,Molenstraat 9 4641 BA Ossendrecht,0164 -614168
Berend Botje Kinderdagverblijf,Sebastiaan Centenweg 199 1602 EH Enkhuizen,0228323647
Berenparadijs,Schuilkerkpad 1 1251 SC Laren nh,035-538 09 26
Bijenkorf BSO / Bromtol KDV,Weijenbergstraat 6 6431 AL Hoensbroek,045-5224655
Bim Bam,de Gouwe 8 2673 BK Naaldwijk,0174-210761
Bink kinderopvang,Laapersveld 13 1213 VB Hilversum,0356834499
BliksemKids,Molenweg 14 6039 RH Stramproy,?
Blooming Kids,De Ruyterstraat 4 1271 SV Huizen,035-5252195
Blosse Opvang,W.M. Dudokweg 47 1703 DA Heerhugowaard,072 566 0200
Boechorst,Lageweg 1 2201 TV Noordwijk zh,071-3647930
Boemel,Beukenhof 5 2741 HS Waddinxveen,0182-631291
Boemeltje PSZ / Holder de Bolder KDV,Platanenweg 2 6014 AP Ittervoort,0475-568230
Boemerang BSO / Jacobeintje KDV,Middelweg 54 3235 NN Rockanje,0181-404479
Bogi-burcht,Moerven 308/309 5464 PG Veghel,0413-353352
BOinK Belangenvereniging van Ouders in de Kinderopvang,Herenstraat 39 3512 KB Utrecht,0302317914
Bommel de Beer Kinderdagverblijf,Goorsestraat 2 7496 AD Hengevelde,0547351565
Bommes,Kerkveldweg 1a 6343 RJ Klimmen,045-4053441
Bommes Kinderdagverblijf,Mathenesserlaan 335 3023 GA Rotterdam,0104256232
Bonte Villa,Perweide 3 5071 AC Udenhout,013-5113740
Boomhut,Zuidplashof 5 2743 CR Waddinxveen,0182-636254
Boskabouters,Meidoornstraat 12 5492 EC Sint oedenrode,06-52106930
Broekies,Terborgseweg 25 7084 AC Breedenbroek,0315-655287
Brood & Spelen Kinderopvang,Rode Kruislaan 1260 1111 XB Diemen,020-6621102
Brulapen BSO / Fila Tekna KDV,Lisidunalaan 2 3833 BR Leusden,033-4333523
BSO 't Olefantje Nieuwegracht,Nieuwegracht 30 3512 LS Utrecht,030 2310702
BSO Baloe / KDV Koala,Mendes Da Costalaan 28 1251 NP Laren nh,035-5319294
BSO Bende van P. / KDV De Petteflet,Pastoor Schattenstraat 25 6372 JA Landgraaf,045-5310845
BSO Berenhol / KDV Vlaegelke,Terracottalaan 1 5935 VN Steijl,077-3738834
BSO Bezige Bijen / KDV Rietpluim,Julianastraat 17 7061 ZJ Terborg,0315-241858
BSO Boombende / KDV Kummeling,Lisidunalaan 18 3833 BS Leusden,033-4943741
BSO Coole Kikkers / KDV Rollebol,De Insel 23 6442 AJ Brunssum,06-22105646
BSO De Blokhut / KDV Pepino,Durendaelweg 4 5056 ZA Berkel-enschot,013-5335042
BSO de Melkweg,Melkweg 42 1251 PT Laren nh,035-6926171
BSO De Notenkraker,Kostverloren 7 1251 TN Laren nh,035-6926171
BSO Dependance Kinderopvang Kiekeboe,Groeneveltstraat 127 3882 XE Putten,06-51398487
BSO Doelpunt / BSO Sportief,Sniepweg 13a 2742 AR Waddinxveen,?
BSO Donderstralen / KDV Zonnestralen,Hovenstraat 10 7051 CV Varsseveld,0315-242202
BSO Dragons Den / KDV Princess Ariane,Eisingastraat 2 2 2201 DJ Noordwijk,071-3615303
BSO Draken / KDV Klein Drakenstein,Abdijstraat 41 5473 AC Heeswijk dinther,0413-293856
BSO Goudkust / KDV Zuidwester,Cornelis Krusemanstraat 10 1075 NL Amsterdam,020-6640723
BSO Grote IJsbeer / KDV Kleine ijsbeer,Wetering 20-22 1261 NH Blaricum,035-6836652
BSO Het Voorhuis / KDV Wilhelminahoeve,Charloisse Lagedijk 528 3084 LG Rotterdam,010-4100104
BSO IJsselstein - locatie Achterveld,Heemradenlaan 26/28 3401 GX IJsselstein,(030) 687 5007
BSO IJsselstein - locatie Boedapestlaan,Boedapestlaan 83-85 3404 CC IJsselstein,(030) 687 7073
BSO IJsselstein - locatie Koekeloere,Heemradenlaan 42 3401 GX IJsselstein,(030) 688 61 48
BSO IJsselstein - locatie Planetenbaan,Planetenbaan 44 3402 HP IJsselstein,0306886419
BSO IJsselstein - locatie Schoolwoningen,Aalbersestraat 2-4 3404 JS IJsselstein,(030) 6876814
BSO IJsselstein - locatie Sint Petersburglaan,Sint Petersburglaan 33 3404 CV IJsselstein,(030) 687 79 52
BSO IJsselstein - locatie Sport BSO,Heemradenlaan 13 3403 NK IJsselstein,06 - 27 658 891
BSO Jungle / KDV Zonneke,Claudius Civilisstraat 3 6911 AW Pannerden,0316-370019
BSO Kanjers / KDV Villa Vrolijk,De Dintel 8 8 5463 NR Veghel,0413-368446
BSO Ketelbinkies / KDV Klokhuis,Busselbundersweg 1 5467 LT Veghel,0413-343439
BSO Kids & Go,Dreef 7a 1431 WC Aalsmeer,0297-565154 of 0297-321711
BSO Krullevaar / KDV Torteltuin,Steentijdsingel 53 2496 SG 's-gravenhage,070-4151127
BSO Montana,Elisabethstraat 1 4931 BD Geertruidenberg,06-23031026
BSO Orka / KDV Plons,Rietwijkerstraat 77 1059 VX Amsterdam,020-6140848
BSO Pinguin / KDV SamSam,Raphaelstraat 3 7031 BA Wehl,0314-682168
BSO Ratjetoe / PSZ Rozenburg,Gruttostraat 2 3181 TC Rozenburg zh,0181-276100
BSO Ridderburcht / KDV Spetterburcht,Vlasven 92 5464 PN Veghel,0413-375019
BSO Tornado's / KDV Wolkewietje,Gruenepad 2 2203 EZ Noordwijk zh,071-3629059
BSO Villa Amigo,Mozartlaan 4 4941 AD Raamsdonksveer,0183-408444
BSO Villa Kakelbont,Tienhont 1 4254 CL Sleeuwijk,0183-408444
BSO Villa Lila / KDV Villa Nova,Kerkstraat 104 5126 GD Gilze,0161-452962
Bunderbos Kinderdagverblijf,Hoofdstraat 38 4041 AE Kesteren,0488482673
Bussum Naarden Muiden Muiderberg Stichting Kinderopvang,Herenstraat 6/A 1404 HD Bussum,0356970075
Buytenhonk,Binnengracht 2 3162 WD Rhoon,06-30629402
Calimero kinderopvang,Sien Jensemalaan 7 9951 NE Winsum Gn,
Casa Sama Peuterspeelzaal,Willem Nakkenstraat 25 1061 TA Amsterdam,0206110672
Casa4Kidsz! Kinderopvang,Koningstraat 2a 6641 KS Beuningen Gld,0625185845
Catalpa - Kinderdagverblijf De Broekies,Broekkant 17 6581 EN Malden,024 3585776
Catootje KDV / Foekepot BSO,Cortemich 4 6367 CG Voerendaal,045-5753786
Centrale voor Kinderopvang Triodus,Spoorhaven 10-18 2651 AV Berkel en Rodenrijs,010 286 27 77
Cheeky's Kinderdagverblijf,Heereweg 343 2161 CA Lisse,0252 348 294
Child Care Kinderdagverblijf,Cyclopenstraat 14 1363 TD Almere Poort,036-5213555
Child Care Kinderopvang,Cyclopenstraat 14 1363 TD Almere Poort,0365213555
Chill,Jan Tooropstraat 1-2-5 3181 HE Rozenburg zh,06-55940175
Chr. kov Het Paleis,Kortenvoortstraat 1 7602 AT Almelo,0546-868302
Christelijk Gastouderbureau de Herberg,Pijlkruid 36 7443 LS Nijverdal,06-54386224
Christelijk Gastouderbureau Het Mosterdzaadje,Industrieweg 47 8071 CS Nunspeet,0341-256864
Christelijk kinderdagverblijf Trots,Boomgaard 21A 2771 PC Boskoop,0172-251271
Christelijke kinderopvang De Groene Weide,Horthoekerweg 31 8167 LV Oene,06 36050063
Click Gastouderopvang,Kanaaldijk Zuid 5 a 5613 LE Eindhoven,040 294 89 40
Club4Kids BSO / Graspieperke PSZ,Graswinkellaan 7-9 6005 KE Weert,?
Comme à la Maison Kinderdagverblijf,Duinweg 1 2585 JT 's-Gravenhage,0704049750
Curious Kids Kinderopvang,Scheldestraat 19 1078 GD Amsterdam,020 672 7321
De Beestenboel Kinderdagverblijf,Straat 13 6042 KV Roermond,0475-476239
De Bengele BSO / Drie Turf Hoog KDV,De Bengele 7 6031 TZ Nederweert,0495-631197
De Bengels BSO / De Bonte Bende KDV,Herenengstraat 22b 5397 BE Lith,0412-483354
De Bereboot KDV / Kameleon BSO,Nieuwe Komstraat 19 6915 VL Lobith,0316-542830
De Bloemenkinderen Dagverblijf,Ernani 24 5629 NB Eindhoven,0402230081
De Bosplaats Buitenschoolse Opvang,Socrateslaan 22 3707 GL Zeist,0306939739
De Eerste Stap Kinderopvang,Laantje 11 6602 AA Wijchen,0246488388
De Elfenboom Kindercentrum,St Willibrordusstraat 15/T 5351 ED Berghem,0412482130
De Grabbelton Kinderdagverblijf,Oosteinde 3 5663 PZ Geldrop,0402862608
De Grote Smurf,Oosterhamriklaan 195/197 9715 PD Groningen,0505773103
De Kinderkamer Kinderdagverblijf b.v.,Merwedestraat 2 1823 VK Alkmaar,0725203738
De Kinderkroon Kinderdagopvang & Het KroonKasteel Buitenschoolse Opvang,Sportlaan 10 7651 LD Tubbergen,0546621806
De Kleine Held Kinderdagverblijf,Leegeweg 4 a 9745 CP Groningen,0505568288
De Kleine Johannes Peuterspeelzaal,Hercules Seghersstraat 1 8932 DG Leeuwarden,0582132110
De Kleine Paddestoel,Wielingen 54 2401 DX Alphen aan den Rijn,06 54353334
De Klompjes Kinderdagverblijf,Dorpsstraat 68 6678 BG Oosterhout,0481482008
De Morgenster Kinderdagverblijf,Tengnagelshoek 9 7201 NE Zutphen,0575541617
De Ontdekking Kinderdagverblijf,St.- Annastraat 6-8 5421 KC Gemert,0492331007
De Ontdekking Pandelaar,Pandelaar 45 5421 NG Gemert,0492-390012
De Pinguïn Kinderdagverblijf,Berlijnstraat 2 7559 WH Hengelo,0742780110
De Schavuiten,Dokter van Deenweg 13 8025 BP Zwolle,06 43877909
De Schavuiten,Lage Morsweg 102 2332 XE Leiden,0715768500
De Schavuiten,Audioweg 3 1322 AT Almere,0655378455
De Spelende Kinderopvang,"Meerssenstraat, 1c 1c 5045 JB Tilburg",013 577 4988
De Springertjes h.o.d.n. Franch & Free,Rollemastate 49 8925 DB Leeuwarden,0582661411
De Teigetjes Kinderdagverblijf,Weidestraat 18 5275 AR Den Dungen,073 782 0104
De Toverfluit Kinderdagverblijf,Roskamweide 2 3437 XB Nieuwegein,0306014485
de Tuimelaar Kinderdagverblijf,Van Oldenbarneveldtstr 13 6828 ZM Arnhem,026-4432236
De Voetstapjes,Den Helderstraat 13 2547 SB 's-Gravenhage,070 - 8873324
De Vuurtoren,Oosteind 76 5161 MK Sprang-Capelle,0416339490
De Watergeuzen Kinderdagverblijf,Willem Barentszstraat 47 2315 TZ Leiden,0715247660
De Zeester Kinderdagverblijf,Eendrachtsplein 14 3012 LA Rotterdam,0102142427
De Zon kdv en bso,Hasselmanstraat 1 4255 HL Nieuwendijk nb,06-30137367
Debberke,Prinses Marijkestraat 9a 6039 BV Stramproy,0495-566255
Den Akker,Lavendel 3 5061 WB Oisterwijk,06-30820241
Dikke Maatjes Kinderdagverblijf,Molukkenstraat 56 2022 CD Haarlem,0235265333
Dikkertje Dap Kinderdagverblijf/Peuterspeelzaal,Billie Holidaystraat 17 1311 PN Almere,0365367253
"Dikkie & Dik Kinderdagverblijf , peuterspeelzaal en buitenschoolse opvang",Gerretsonlaan 1/B 5624 JL Eindhoven,0402939404
Dikkie Dik,Grobbendonckpark 45 5051 KR Goirle,013-5343378
Disck Peuter & Co,Schoonderloostraat 68 3024 TX Rotterdam,0104255392
Dol-Fijn Kinderopvang,baroniestraat 3 5481 CK Schijndel,0735496521
Dolfijn Kinderdagverblijf,De Winterstraat 7 5731 EJ Mierlo,0492660309
Domino,Hoogheem 485 5283 BH Boxtel,0411-683833
Domino Kindercentrum,Jan Sluijtersstraat 2 4703 JK Roosendaal,0165551593
Dommelclub BSO / Dommeltoren KDV / PSZ Oedenrode,Laan Ten Bogaerde 5 5491 GC Sint oedenrode,0413-477763
Donk,Sportlaan 6 5062 JK Oisterwijk,06-12560544
Doomijn,Burg. Drijbersingel 11 8021 DA Zwolle,(038) 4214521
Drakenhol BSO / Holletje KDV,Bernhardlaan 8 6006 ZP Weert,0495-537403
Dribbel Kinderdagverblijf,Halewijn 16 5221 LZ 's-Hertogenbosch,0736312106
Dribbel kinderdagverblijf,Rijksstraatweg 103-a 4254 XC Sleeuwijk,0183-408444
Driehoek,Vrouwe Machteldweg 1 3233 TV Oostvoorne,06-17547155
Ducky Duck Kindercentrum,Louis Davidscarré 1 2042 LZ Zandvoort,0235730042
Duimelot Kinderdagverblijf,St. Stephanusstraat 5 7625 PH Zenderen,0742666436
Eigen Wijsje 't Kinderopvang,De Ruyschlaan 193A 1181 PE Amstelveen,0203452428
Eigenwijs,St. Apolloniastraat 2 6002 BE Weert,0495-520793
Fides Kinderopvang,Valeriusstraat 33 5421 TR Gemert,088-0088500
Fiësta kdv en bso,Rembrandtlaan 5 4941 ZA Raamsdonksveer,0183-408444
Flexikids,Walmolenstraat 17 1333 BZ Almere,0365350942
Fokkenhoeve,Fokkenkampseweg 3 7031 EA Wehl,0314-680333
Frida Dida,'s-Gravenweg 29/33 3062 ZA Rotterdam,0104139226
Gastouderbemiddeling Rivierenkind,Diefdijk 27/A 4143 ME Leerdam,0345642236
Gastouderbureau Happy,Loo 4 5571 KR Bergeijk,06-54311828
Gastouderbureau Je Beste Maatje,"Kapelhof, 13 13 3951 AG Maarn",+31850021400
Gastouderbureau Je Beste Maatje Nijmegen,Wilhelminalaan 180 6642 AZ Beuningen gld,085-0021400
GastOuderBureau SamSam,Stationsstraat 9 9401 KV Assen,0592309071
Gastouderbureau Ziezo,Poldermolen 4 3352 TH Papendrecht,0786182148
Gastouderbureau Ziezo,Poldermolen 4 3352 TH Papendrecht,078-6182148
"gastouderopvang ""bij Bartje""",Keunenhoek 34a 6021 CX Budel,06 54320005
Gastouderopvang Juffertje Korenbloem,Verbindingsweg 33 9945 SJ Wagenborgen,0651880000
Gastouderopvang Pardoes,Leeuwarderstraat 21 8932 GN Leeuwarden,06 38436366
Gastouderopvang Pluk,Strijenlaan 3 4931 HE Geertruidenberg,0641648137
GOB De Wipneus Midden Nederland,Jan van Brakelstraat 6 1271 WG Huizen,035-6926171
gro-up,Spoorhaven 10-18 2651 AV Berkel en Rodenrijs,010 286 2777
Groot Berkeloo,Hazelaarlaan 32 5056 XN Berkel-enschot,?
Gruthuukske,Dorpsstraat 3 7075 AC Etten gld,0315-324640
Hamertje-tik Kinderdagverblijf,Van Berumstraat 9 9785 BG Zuidwolde,0503010568
HARLEKIJN Kinderdagverblijven,Hortuslaan 18 9751 BG Haren,+31503080524
Heerlen Stichting Peuterspeelzaalwerk,Molenwei 400 6412 WG Heerlen,0454007700
Heksenketel,Agnietenhove 51a 3834 XB Leusden,033- 4941748
Hestia Kinderopvang,Uiterwaardenstraat 542 1079 AZ Amsterdam,020-6618710
Hestia Kinderopvang,Gaasterlandstraat 5 1079 RH Amsterdam,0206618710
Hestia Kinderopvang BV,Laan van de Helende Meesters 4 1186 AM Amstelveen,020-6618710
Het Apenstaartje Kindercentrum,Domela Nieuwenhuisweg 1 9649 AJ Muntendam,0598626632
Het Bergje,Burggravenlaan 1 4931 XA Geertruidenberg,0162-521213
Het Bonte Huis kleinschalige kinderopvang,Donkere Spaarne 16/ZW 2011 JG Haarlem,06 10130344
Het Elfenbosch Kinderdagverblijf,Hoflaan 15 6824 BN Arnhem,0263554210
Het Helpernest Kinderdagverblijf,Verlengde Hereweg 107 9721 AJ Groningen,0505261690
Het Kabouterhuis,Wagenweg 240/A 2012 NP Haarlem,0235320523
Het letterboompje,Groeneveen 160e 1103 EK Amsterdam zuidoost,020 6002311/ 0610798055
Het Toddler's Huis,Jan Pelleboerplein 3-4 9765 BR Paterswolde,0505772396
Het Toddler's Huis,Friesestraatweg 217e 9743 AD Groningen,050-5772396
Het Toddler's Huis,Kraneweg 105-107 9718 JM Groningen,050-5892468
Het Tuinhuis Kinderdagverblijf,Azalealaan 107 2771 ZV Boskoop,0172231005
het witte wiel,Provincialeweg 4 5503 HG Veldhoven,040 202 75 80
Het Woldkasteel 'Villa Oostwold',Tukseweg 158 8334 RW Tuk,0521 58 87 60
High Five,Oude Laarderweg 15 6003 ME Weert,06-47056225
Hobbithoeve,Burg Kasteleinstraat 6 1109 BC Amsterdam Zuidoost,0294450525
Hocus Pocus,Goudsbloem 66 5071 EZ Udenhout,013-5773454
Hoeksteen,Biss Philip Roveniusstr 8 7141 KS Groenlo,?
Honk,Bosstraat 1 5066 EB Moergestel,013-5134761
Hoogeveen Stichting Kinderopvang,Trompstraat 1 7907 AR Hoogeveen,0528267546
Hoogvlieger,Pieter de Hoochstraat 80 1071 EJ Amsterdam,020-6756924
Hooiman KDV / Hooizolder BSO,Nozemanstraat 71 3023 TM Rotterdam,010-4783411
Horizon,Pieter Calandlaan 768 1060 TZ Amsterdam,020-6104838
"Huisje Boompje Kindje ,kleinschalige kinderopvang",Buziaulaan 58 1948 AK Beverwijk,06-10039512
Hummeltjeshonk Kinderdagopvang,Julianastraat 24D 8064 CD Zwartsluis,0383868668
Humpie Dumpie Kinderdagverblijf,Horgetouw 3 5404 MA Uden,0413254769
Hupsakee KDV / Hummeltje KDV,Wiebachstraat 34 6466 NG Kerkrade,045-5411114
Impuls Kinderopvang B.V.,Sam van Houtenstraat 74 1067 JP Amsterdam,020 515 88 00
Jabadoo Kinderopvang,Eemsgolaan 11 9727 DW Groningen,050-5200910
Je Beste Maatje,Spoorstraat 58 5821 BE Vierlingsbeek,06-24298638
Jodocus Kinderdagverblijf,De Zon 1 9981 KM Uithuizen,0595433816
Jonkies,Vandiedelstraat 38 2104 AC Aalsmeer,06-33272729
Jottum! Kinderdagverbllijf en de Jottum! Club voor Buitenschoolse Opvang,Mondriaanstraat 21 6717 SC Ede,0318618729
Joy Kinderdagverblijf Christelijk,Beethovenlaan 336 8031 BW Zwolle,
JSO,Nieuwe Gouwe W.Z. 1 2802 AN Gouda,0182547888
Junior Ontdek Centrum Wizz Ki(d)ts,Meezenbroekerweg 3 6412 VK Heerlen,?
Junis Kinderopvang,Zuidpoolsingel 6 2408 ZE Alphen aan den Rijn,0172-424 824
K.O.NIJNTJE ( kinder opvang nijntje),kerklaan 4 9679 AE Scheemda,0597593793
Kanteel Kinderopvang,Berlicumseweg 8g 5248 NT Rosmalen,073-8507850
KDV Alles Ki(d)ts / BSO Wizz Ki(d)ts,Grasbroekerweg 18 6412 BE Heerlen,045-5280500
KDV Bonbini / BSO Kicks,Zeshoevenstraat 36c 5071 BP Udenhout,013-5114631
KDV Bumme / BSO Ruimte,Overboslaan 28a 2101 AM Heemstede,023-5285261
KDV De Papegaai,Ariane 8 3824 MB Amersfoort,033-4530244
KDV De Regenboog,Hospitaalweg 1 1315 RA Almere,035-6926171
KDV De Wipneus,Crailoseweg 118 1272 EX Huizen,035-6926171
KDV Dokkum De Tuimelaar van Sisa Kinderopvang,Bonifatiuspolder 1 9101 EP Dokkum,
KDV Dukaat / BSO De Parel,A. Reitsmakade 28-30 1060 SZ Amsterdam,020-6106164
KDV Hanna Holman,Noordmark 77-79 1351 GG Almere-Haven,0365312555
KDV Het Frankhuisje,Frankhuizerallee 50 B 8043 XA Zwolle,06-23872118
KDV Het Kleine Volkje,Atjehstraat 32-1 2315 CV Leiden,0626020484
KDV Huize Kakelbont / BSO Zeeroversnest,Bekkerveld 1 6417 CL Heerlen,045-5719439
KDV Hummelvijver,Buttervliet 6 3281 LK Numansdorp,0186650020
KDV Jami / BSO De Tijgers,Hopperzuigerstraat 13 1333 HL Almere,036-5328314
KDV Jij en ik / BSO Ziezo,Wijngracht 11a 6351 HJ Bocholtz,045-5446640
KDV Kakelbont / BSO Takatuka,Wolga 2 2911 RB Nieuwerkerk ad ijssel,0180-317767
KDV Kiekeboe / BSO Kwetternest,Kloosterlaan 9 6451 EN Schinveld,045-5275856
KDV Knabbel en Babbel,Van der Wyckstraat 12 2593 XB 's-gravenhage,070 3830312
KDV Kraal / BSO Totempaal,Paradijsplein 4 4 1093 NJ Amsterdam,020- 6634123
KDV Madelief,Lage Lochemseweg 25C 7218 MA Almen,06-57457215
KDV Merlijn / BSO Trollenhol,In de Pollack 1 6438 GG Oirsbeek,046-4422020
KDV Nijntje,Werkdroger 1 1251 CM Laren nh,035-6926171
KDV Njoy,Marsmanhove 25 2726 AD Zoetermeer,0793602916
KDV Ollie / BSO Villa Blitz,Ursulinenstraat 21 5915 BZ Venlo,077-3545342
KDV Paradijs / BSO Paradijsvogels,Paradijslaan 14-16 5611 KN Eindhoven,040-2376781
Kdv Picobello,Oudegracht 58-66 1811 CL Alkmaar,0725111132
KDV Piekobello / BSO Rebbels,Herderstraat 6 5384 BS Heesch,0412-455761
KDV Pompidoe / BSO Spookjes,Wiel Ringenslaan 1a 6373 EP Landgraaf,045-5325117
KDV Puntmuts,Iepenlaan 67 1406 TL Bussum,035-6926171
KDV Skoebidoe / BSO Skoebikids,Leuvenstraat 5 5121 VC Rijen,0161-227436
KDV Snuffie,Lekstraat 8 1079 EN Amsterdam,0206425460
KDV Tiny Toes Roosendaal,Streuvelslaan 18 4707 CH Roosendaal,06-20064061
KDV Zonnelicht BV,Rijnstraat 559 5215 EJ 's-Hertogenbosch,0736125282
Keentjes,Het Dal 14 6006 KV Weert,0495-520989
Kern Kinderopvang  B.V.,Spoorhaven 10-18 2651 AV Berkel en Rodenrijs,010-2862777
Kiddies Kinderdagverblijf B.V.,Arkplein 119/122 1826 DM Alkmaar,0725624961
Kiddoozz Kinderopvang,Sliedrechtstraat 62-66 3086 JN Rotterdam,010 204 1820
Kids & Animals Kinderopvang,W Dijkstrastraat 48 9077 SP Vrouwenparochie,0518400845
Kids & Care Gastouderbureau,Jachtslot 14 5346 WK Oss,0412650787
Kids & Co,Pastoor Scheepersstraat 3 6374 HR Landgraaf,045-5313657
Kids Club Watermolen,Admiraal Helfrichplein 2 7141 VN Groenlo,06-23985386
Kids Club Willibrordus,Karel Doormanstraat 66 7141 WH Groenlo,06-12579778
Kids en Zoo Dagverblijf,Oosteinde 77/A 2841 AB Moordrecht,0182370192
Kids First Alles Kids KDV/BSO,Mimosastraat 97 97 9713 TR Groningen,050-3142952
Kids First Alles Kwetter BSO,Madeliefstraat 2 9713 CB Groningen,06-57259770
Kids First De Gravenburger BSO,Maresiusstraat 22 9746 BJ Groningen,050-5530980
Kids First De Gravenburger KDV,Maresiusstraat 20 9746 BJ Groningen,050-5530980
Kids First De Honingboom BSO,Fultsemaheerd 88 9736 CT Groningen,050-5492331
Kids First De Wigwam BSO,Jaltadaheerd 54 9737 HC Groningen,
Kids First Flipper KDV,Timpweg 22 9731 AL Groningen,050-3017100
Kids First Hoogkerk BSO,De Sanstraat 13 9744 HW Groningen,06 13 197724
Kids First Hummelhof KDV/BSO,Schaaksport 104 9728 PG Groningen,050-5270771
Kids First Kinderopvang NL B.V.,Postbus 1030 3640 BA Mijdrecht,0297 214436
Kids First Reitdiephaven KDV/BSO,Reitdiephaven 153 9746 RC Groningen,050-7600049
Kids Planet bv,duarte pachecostraat 8 1086 XW Amsterdam,0207713561
Kids voor Kinderen Kinderopvang,Postbus 339 3740 AH Baarn,0356281325
Kids2b Appingedam,Heiman Akkerstraat 15 9902 GE Appingedam,0596-626182
Kids2b Baflo / PSZ Ploentje,Kostersgang 5 9953 PE Baflo,0595-422441
Kids2b Bedum,De Vlijt 18 9781 NR Bedum,050-3013757
Kids2b Bedum,Burchtstraat 2 9781 BA Bedum,06-21177583
Kids2b BSO Adorp,Kleine Straat 8 9774 PN Adorp,06-12470377
Kids2b BSO ASWA,Burgemeester Klauckelaan 16 9902 KZ Appingedam,0596-670074
Kids2b BSO Baflo/Rasquert,Meijmaweg 9a 9955 VC Rasquert,06-10126599
Kids2b BSO de Wilster,Florastraat 11 9991 CH Middelstum,06-21184070
Kids2b BSO Ezinge,Schoolstraat 28 9891 BE Ezinge,06-39138163
Kids2b BSO Farmsum,Borgshof 16a 9936 CS Farmsum,06-49073439
Kids2b BSO Garmerwolde,Dorpsweg 60 9798 PG Garmerwolde,06-21682058
Kids2b BSO Olingertil,Olingermeeden 6 9903 ET Appingedam,0596-602253
Kids2b BSO Ten Post,Oldenhuisstraat 6 9792 PM Ten Post,06-52389055
Kids2b BSO Togtemaar,De Vlijt 14 9781 NR Bedum,06-23255131
Kids2b BSO Tuikwerd,Hallehuis 2 9932 CR Delfzijl,06-10221479
Kids2b BSO Uithuizen,M J Bultenastraat 8 9981 JB Uithuizen,06-57063085
Kids2b BSO VV Eenrum,J J Willingestraat 9 9967 PB Eenrum,06-13691041
Kids2b BSO Warffum,Westervalge 5 9989 EB Warffum,06-57703442
Kids2b BSO Winsum / PSZ 't Onderdeurtje,Warfstraat 1a 9951 BS Winsum gn,0595-435888 / 0595-435639
Kids2b BSO Zuidwolde /  PSZ 't Beudeltje,Van Berumstraat 2 9785 BG Zuidwolde gn,06-27417989 / 06-21176013
Kids2b Delfzijl / PSZ BSN De Wadlopertjes / Eemsrakkertjes,Waddenweg 10 9933 KH Delfzijl,0596-610919 / 639222 / 639223
Kids2b Eenrum,Plantsoenstraat 4 9967 RE Eenrum,0595-577067
Kids2b Loppersum,Badweg 39a 9919 JA Loppersum,0596-571942 / 0596-571932 / 0596-571109
Kids2b PSZ 't Hummelhoes Spijk,Ubbenasingel 46 9902 AR Spijk,0596-591928
Kids2b PSZ 't Hummelhoes Woldendorp,Burgemeester Garreltsweg 35b 9946 PM Woldendorp,06-10178651
Kids2b PSZ 't Lutje Grut,Nieuwestreek 33 9891 AB Ezinge,06-42630788
Kids2b PSZ 't Molentje,Kastanjelaan 10 9771 AZ Sauwerd,050-3061760
Kids2b PSZ De Joagertjes,Mr A J van Roijenstraat 7 9959 PN Onderdendam,06-316825564
Kids2b PSZ De Paddestoel,Barklaan 10 9934 JT Delfzijl,0596-616101
Kids2b PSZ De Paddestoel,Foelkiusstraat 2 9781 BB Bedum,050-3012130
Kids2b PSZ Duimelotje,Hallehuis 4 9932 CR Delfzijl,0596-654558
Kids2b PSZ Humpie Dumpie,Tonnistil 20 9945 RZ Wagenborgen,0596-542531
Kids2b PSZ Otje,Gersteland 3 9932 HZ Delfzijl,06-10179716
Kids2b Ten Boer,Kievitstraat 6 9791 ER Ten Boer,050-3023918 / 050-3024322
Kids2b Uithuizen,Oosterstraat 25 9981 CN Uithuizen,0595-432775
Kids2b Winsum,Warfstraat 1a 9951 BS Winsum gn,0595-435888 / 0595-435647 / 0595-435196
Kidscasa Kinderopvang B.V.,Postbus 149 9300 AC Roden,050-5020244
Kidspalace Kinderdagverblijf,van der Merckstraat 12 3295 XX 's-Gravendeel,0786735465
Kid’s Garden,Bemelergrubbe 15 6226 NK Maastricht,
KieKeBoe BV Kinderdagverblijf,Meervalstraat 27/A 1431 WE Aalsmeer,0297344613
Kindcentrum De Speelwereld,Schoolmeesterstraat 2a 5056 KK Berkel-Enschot,0132119061
Kindcentrum Elburg Stichting (SKE),De Wimpel 2 8081 JS Elburg,0525683568
Kinder Hotel Droomrijk,x x 3061 EM,x
Kinder Service Hotels BV/Hoofdkantoor,Nijverheidsweg 14/A 7031 BV Wehl,0314680498
Kinder- en Buitenschoolse Opvang De Kluts,Roderweg 82/84 9311 PB Nieuw roden,0505015349
Kindercentrum 'Leutje Laiverds',Beijumerweg 17 9737 AB Groningen,06-22760292
Kindercentrum 't Kickertje,Achterdijkshoorn 11 2635 MK Den Hoorn,015-2573212
Kindercentrum 't Kickertje,Burg van Gentsingel 1b 2636 BP Schipluiden,015-3807138
Kindercentrum ABC,Laarstraat 59 7201 CB Zutphen,
Kindercentrum de Ark,Palestrinastraat 14 5344 AA Oss,0412 641154
Kindercentrum de Buitenhoeve,De Wulpen 12 8347 HL Eesveen,0521578225
Kindercentrum de Parel,Randstad 22 115 1316 BW Almere Stad,0365306106
Kindercentrum De Schaapskooi,Bloemendaalseweg 46 2804 AB Gouda,0182571373
Kindercentrum In Bloei,Veldweg 1a 7973 KH Darp,06 23255839
Kindercentrum kidz!,Eenhoornplantsoen 9 4501 CL Oostburg,0117-452929
Kindercentrum Kind in Beeld,Atjehstraat 32 2315 CV Leiden,06 26020484
Kindercentrum Petito's,Wilhelminastraat 78 5104 GD Dongen,0162313514
Kindercentrum WereldKids,TWEEDE CONSTANTIJN HUYGENSSTRAAT 12 1054 CT Amsterdam,0204892327
Kindercentrum Wollewaps,Akkersplein 56A 8443 AP Heerenveen,0513203024
Kinderdagopvang Ot en Sien,Oude Rijksweg 77 7951 EA Staphorst,0522701131
"Kinderdagverblijf ""De Bereboot"" B.V.",Oude Dierdonk 1 5703 JV Helmond,0492-475009
kinderdagverblijf 'de 7 dwergen',Haydnstraat 2 8031 ZA Zwolle,038-4544372
Kinderdagverblijf 't Olefantje Nieuwegracht,Nieuwegracht 49 3512 LE Utrecht,030 2310702
Kinderdagverblijf Bonbini,Udenhout 5071 EZ,
Kinderdagverblijf de Boerderij,Oosterstraat 66 9502 EE Stadskanaal,0599-611237
Kinderdagverblijf De Elsen Almere,Fluitekruidstraat 71 1313 KT Almere,036-5401494
Kinderdagverblijf De Kabouters,De Boomgaard 7 9408 JA Assen,0592744130
Kinderdagverblijf De Kindereijk,Eerste Zeine 96 5144 AL Waalwijk,0416-857015
Kinderdagverblijf De Kleine Prins,Nuenenseweg 6 5631 KB Eindhoven,0402452948
Kinderdagverblijf De Lelietuin,Symon Claeszstraat 9 1502 VD Zaandam,06 29171939
kinderdagverblijf De Wigwam,Hoofdweg 51 7371 AE Loenen,055-8445302 of 06-47959335
Kinderdagverblijf Duimelotje,Molenplein 3 4542 DA Hoek,0115 441247
Kinderdagverblijf Fesa,Volendammerweg 51 1024 JK Amsterdam,020-7371429
Kinderdagverblijf Future Kids,Sterrenoord 67 2544 JW 's-gravenhage,070 205 0502
Kinderdagverblijf Hamertje-tik,Emingaheerd 104 - 108 9737 GA Groningen,050-3642231
Kinderdagverblijf Happy 4 Kids B.V.,Beverwijckstraat 65 3311 GB Dordrecht,0786200640
Kinderdagverblijf Heppie B.V.,Winschoterdiep 70 9723 AB Groningen,050-52 34 690
Kinderdagverblijf Het Berkje,Molenstraat 141-143 6721 OM Bennekom,0318-500004
Kinderdagverblijf het Elfenbankje,Langeveldstraat 21 7871 PJ Klijndijk,0591 767286
kinderdagverblijf het Elfje,Camerlingstraat 2 2614 BE Delft,015-2120061
Kinderdagverblijf Het Kevertje,Westerkade 36 3511 HC Utrecht,030 233 2823
Kinderdagverblijf Het Speeldorp Bunnik,Pastoor Heggelaan 2 3981 GJ Bunnik,030 – 65 73 357
Kinderdagverblijf Het Speeldorp Soest,Driehoeksweg 18 3768 EP Soest,035 – 60 276 02
Kinderdagverblijf InieMini,Haarlemmermeerstraat 166 1058 KK Amsterdam,06 41081028
Kinderdagverblijf Janneke's Trots,Kruisweg 2 5406 PB Uden,0413270800
Kinderdagverblijf Jottum B.V.,Kleine Rozenstraat 19 9712 TL Groningen,050-3131344
Kinderdagverblijf Kikker Rik,Banckertlaan 132b 1215 RH Hilversum,0356281410
Kinderdagverblijf Klein Duimpje,Postbus 134 8800 AC Franeker,0517380680
Kinderdagverblijf Kolkkidz,Klaas Bootpad 2 1827 CX Alkmaar,
Kinderdagverblijf Kumari,Im Langental 58A 5253 38 Hillensberg Selfkant,06 46433261
kinderdagverblijf Nanoq,Wilhelminastraat 35a/01 4921 KC Made,06 23213730
Kinderdagverblijf Natuurlijk Avontuurlijk,Lange Aventuurseweg 1 4107 LW Culemborg,0345533880/ 0637449130
Kinderdagverblijf Pepeloentje V.O.F.,Dorpstraat 54C 6923 AH Groessen,0316 341 994
Kinderdagverblijf Small,Apeldoornselaan 294-304 2573 LX 's-gravenhage,0703600721
Kinderdagverblijf Tembo,Vechtstraat 13 9725 CS Groningen,0502043985
Kinderdagverblijf Tembo,Heresingel 18 9711 ET Groningen,0502802793
Kinderdagverblijf Ut Trepke,Meeuwenbergweg 2 7399 AN Empe,0575-503553
Kinderdagverblijf Ut Trepke,Rijksstraatweg 87 7383 AM Voorst,0575-725200
Kinderdagverblijf Villa Kakelbont Venlo,Ferdinand Bolstraat 8A 5914 XN Venlo,077-8516201
Kinderdagverblijf Villa Valentijn Den Haag,Frankenslag 145 2582 HJ 's-gravenhage,085 489 0090
Kinderdagverblijf Villa Valentijn Middelburg,Rouaansekaai 61 4331 HC Middelburg,085 489 0090
Kinderdagverblijf Vrijland,Waldfeuchterbaan 140A 6105 BP Maria Hoop,0475 202 044
Kinderdagverblijf Willemijne,Oosterkade 10 3581 AT Utrecht,030-2300950
Kinderdagverblijf Zazou B.V. Donkersingel 70-72,Donkersingel 70-72 3052 PL Rotterdam,010-4223800
Kinderdagverblijf/B.S.O. Oppashuis Assendorp,Groeneweg 142 8012 AS Zwolle,06-11873383
KindeRdam,Schiekade 34 3032 AJ Rotterdam,010-44 300 33
Kinderfdagverblijf Belle Fleur Etten Leur,Markt 98 4875 CG Etten-leur,0768009989
Kindergarden Kinderdagverblijf,Herengracht 244/BEL 1016 BT Amsterdam,0203307575
Kinderhuis De Fuut,Veerweg 38 4101 AK Culemborg,06 41204534
Kinderopvang 't Dreumeshuis,Lekkumerweg 85 8923 BB Leeuwarden,058 2137734
Kinderopvang 't Goudvisje & BSO 't Haaienhonk,Postbus 223 5240 AE Rosmalen,(073) 522 16 70
Kinderopvang 't Herdertje,Wijkpark Bangaerde 2 1689 BH Zwaag,0229 248 745
Kinderopvang 't Hummelhûs,Hoofdweg 221 8474 CG Oldeholtpade,0513-541414
Kinderopvang aan huis  Hondje Woef,Boterweg 14 7371 GK Loenen,06-15901331
Kinderopvang Alles Kits,Spaansche Pad 1 1861 TK Bergen,0644194484
Kinderopvang Baarn,Maatkampweg 20 3742 XM Baarn,035 - 548 84 88
Kinderopvang Bambaloe,Schweitzerlaan 12 9728 NP Groningen,0505280800
Kinderopvang COKD,Spoorhaven 10-18 2651 AV Berkel en Rodenrijs,0786163422
Kinderopvang De Bereboot,Prins Hendrikstraat 1/A 9401 KS Assen,0592317597
Kinderopvang De Blokkentoren Haren,Wederikweg 19 9753 AA Haren Gn,06-41878338
Kinderopvang De Cristallijn,Zonnebloemveld 8 6641 TA Beuningen gld,024-6778122
Kinderopvang de Hummeltjeshoeve,Groeneweg 20 4161 BK Heukelum,
Kinderopvang De Kindjes,Pampagras 112 3902 SV Veenendaal,
Kinderopvang de Plu,Deken Baekersstraat 10 5482 JH Schijndel,0735472840
Kinderopvang De Tivoli,Tivoliweg 88 4561 HM Hulst,0114310860
Kinderopvang de Verbinding,P.S. Buckstraat 1 5491 DG Sint-Oedenrode,0413782142
Kinderopvang en peuterspeelzalen Stichting de Achthoek,Varsseveldseweg 65 D 7131 JA Lichtenvoorde,0544 487 150
Kinderopvang ESKADEE,Middelmeede 38 4921 BZ Made,0162686179
Kinderopvang Hengelo,Oldenzaalsestraat 61 7551 AP Hengelo,0742503312
kinderopvang het Lieveheersbeestje en bso,Beukenlaan 51 5741 DL Beek en donk,
Kinderopvang Heyendael,Toernooiveld 15 6525 ED Nijmegen,024-3611785
Kinderopvang Huisje Boompje Beestje,Laan van Meerdervoort 124 2517 BD 's Gravenhage,06 28776516
Kinderopvang Huisje Boompje Beestje,Laan van Meerdervoort 124 2517 BD 's-gravenhage,06-28776516
Kinderopvang Humankind,Meezenbroekerweg 1A 6412 VK Heerlen,045 561 5353
Kinderopvang Kakelbont,Papenvoortsedijk 1c 5447 NG Rijkevoort,0485-372183
Kinderopvang Kelsey B. V.,Middenweg 97 A-B 1098 AG Amsterdam,
Kinderopvang Kiki Nous,Zwitserlandstraat 6 1363 BE Almere Poort,036 84 86 826
Kinderopvang Little Moon,Oldenoert 51 9351 KV Leek,
Kinderopvang Mathil,Seringenhof 2 7954 JB Rouveen,0522-202107
Kinderopvang Midas bv,Driherenlaan 31A 2103 SB Heemstede,0235474674
Kinderopvang Mirakel,Parlevinker 21 1186 ZA Amstelveen,020 661 3507
Kinderopvang Oki (m.i.v. 01-01-2024 Kids First),Zuidlaarderweg/Julianalaan 63/67 9479 PR Noordlaren/Zuidlaren,
Kinderopvang Omy Groningen en Kinderopvang Omy in Leek,Helperpark 258-1 9723 ZA Groningen,06 26984073
Kinderopvang Op Stoom,Rutherfordstraat 4 2014 KA Haarlem,0235442737
Kinderopvang Op Stoom Dorst,Cypressenstraat 11 4849 ST Dorst,
Kinderopvang Paddington,"Kapelstraat 1, 2 & 2B 9781 GK Bedum",050-3010375
Kinderopvang Plukkebol (locatie Raamstraat),Raamstraat 65 2613 RW Delft,015-2570604
Kinderopvang Plukkebol (locatie Rotterdamseweg),Rotterdamseweg 183A 2628 ZE Delft,015-2125400
Kinderopvang Plukkebol (locatie van Embdenstraat),van Embdenstraat 2 2628 ZE Delft,015-2125400
kinderopvang PUK,Wethouder Broersstraat 6 6245 JB Eijsden,0614965726
Kinderopvang Purmerend,Waterlandlaan 30 1441 MP Purmerend,0299461011
Kinderopvang ROMI B.V.,Van Asch van Wijcklaan 57 8096 AG Oldebroek,0525- 637370
Kinderopvang ROMI B.V.- Buitenschoolse opvang Het Anker,Zuiderzeestraatweg 62 8081 LD Oostendorp,0525-63 73 70
Kinderopvang SKIJ,Praagsingel 378 3404 CT IJsselstein,06-15012236
Kinderopvang SKIJ / Kinderdagverblijf 't IJsseldijkje,Planetenbaan 46 3402 HP Ijsselstein ut,
Kinderopvang Snoopy en Buitenschoolse opvang Woodstock,Tesselschadelaan 2 7314 LL Apeldoorn,0553555577
Kinderopvang Stichting Hoorn (SKH),van Dedemstraat 6 B-C 1624 NN Hoorn,0229 248 770
Kinderopvang ZAZOU,Koraalstraat 19 3051 VG Rotterdam,010-4223800
Kinderopvang ZAZOU BSO Bergse Zonnebloem,Elektroweg 18 3051 NC Rotterdam,010-2182040
"Kinderopvang Zazou BSO, KDV en Voorschool",Koraalstraat 19 3051 VG Rotterdam,010-4189104
Kinderopvang ZAZOU KDV Kleiweg 115,Kleiweg 115 3051 GL Rotterdam,010-4223800
Kinderopvang ZAZOU KDV Kleiweg 124,Kleiweg 124 3051 GX Rotterdam,010-2188154
Kinderopvang ZAZOU Kleiweg 310,Kleiweg 310 3045 PM Rotterdam,010-4223800
Kinderopvang Zonnekinderen,Nijmeegsestraat 19/D 6691 CK Gendt,0481423839
Kinderopvangaalsmeer.com,Mendelstraat 109 1431 KP Aalsmeer,0624263819
Kinderopvangorganisatie Toppie,Hilvertsweg 162 a 1214 JL Hilversum,0355414647
Kinderrijk,Biss Philip Roveniusstr 2 7141 KS Groenlo,0544-464263
Kindertuin Kindercentrum,Kastanjelaan 6 5283 WE Boxtel,0411 689 110
Kindervilla Het Kootertje,Leeuwenlaan 27 4532 AE Terneuzen,0115-649674
Kinderwereld,Disc 5 7741 MH Coevorden,0524524445
kinderWORLD kinderopvang Almere Haven,Fontanapad 2 1351 GP Almere,036- 54 64748
kinderWORLD kinderopvang Almere Stad,Audioweg 5 1322 AT Almere,036-5464748
kinderWORLD kinderopvang Dronten,Het Zwarte Water 53 t/m 59 8253 PD Dronten,036-5464748
kinderWORLD kinderopvang Emmeloord,Meldestraat 2 8302 VB Emmeloord,036-5464748
kinderWORLD kinderopvang Lelystad,Apolloweg 56 8239 DA Lelystad,036-5464748
Kinderwoud Kinderopvang,Trambaan 1E 8440 AH Heerenveen,0513 - 610 825
Kinderwoud Kinderopvang,Trambaan 1E 8440 AH Heerenveen,0513 - 610 825
Kindzorg Kinderdagverblijven,Mahoniehout 14/18 1507 ED Zaandam,0756570288
Kindzorg kinderopvang,Provincialeweg 180 1506 MG Zaandam,088-1919190
KinOP Almere,Tuinkersstraat 1 1314 KW Almere,036-5345767
KinOP Apeldoorn,Koninginnelaan 33 7315 BK Apeldoorn,055 5762639
KinOP Den Bosch,Brabanthoeven 151 5244 HM Rosmalen,073-5236942
KinOP Doetinchem,Thomas A Kempisstraat 22 7009 KT Doetinchem,0314-395748
KinOP Drachten,Amethist 1a 9207 GJ Drachten,0512-366096
KINOP gastouderbureau,De Buis 6 5247 LN Rosmalen,0411-610041
KinOP Grave,Zaalheuvelweg 51 5363 TE Velp nb,0486-422056
KinOP Haarlemmermeer,Bolwerksepoort 28 2152 HD Nieuw vennep,0252-523147
KinOP Kasteel,Zijpendaalstraat 7 6535 PS Nijmegen,024-378 93 48
KinOP Klaaswaal,Pinksterbloemstraat 11 3286 VH Klaaswaal,0186-575458
KinOP Leeuwarden,Zijlroede 6 8939 AK Leeuwarden,058-2124779
KinOP Nijmegen,Graafseweg 270 6532 ZV Nijmegen,024-378 93 48
KinOP Tilburg,De Dissel 15 5056 MK Berkel-enschot,013-7502580
KinOP Utrecht,Gildstraat 125 3572 EM Utrecht,030-2721203
KinOP Vianen,Lekdijk 6 4121 KJ Everdingen,0347-778624
KinOP Wijchen,De Meren 1060 6605 XP Wijchen,024-8480701
KinOP Zevenaar,Spinet 25 6904 PD Zevenaar,0316-842725
KiWi Stichting Kinderopvang Winschoten,Zaanstraat 47/A 9673 CA Winschoten,0597431844
Klein Duimpje Kinderdagverblijf regulier en peuteropvang,Edmond Jasparstraat 32 6217 HP Maastricht,043 343 2995
Kleine maan,Isebrandtsheerd 116 9737 LL Groningen,050-5411504
Kleine Maatjes verpleegkundig kinderdagverblijf,Boerhaavelaan 32b 2035 RC Haarlem,0235407955
Kleine Maatjes verpleegkundig kinderdagverblijf,Snuiverstraat 63a 1561 HB Krommenie,075-6407512
Kleine Reus,Oranjesingel 33 5056 XB Berkel-enschot,013-5336061
Kleine Robbe,Paganinistraat 1 6904 EG Zevenaar,0316-246373
Kleine-Ikke Droomwereld,Melis Stokelaan 93 3842 GL Harderwijk,0341-754838
Kleine-Ikke kinderdagverblijven,Melis stokelaan 93 3842 GL Harderwijk,0341-754838
"Kleinschalige kinderopvang ""Madelief""",Huizumerlaan 117 8934 BE Leeuwarden,058-2884472
Kleinschalige Kinderopvang De 3 Leeuwtjes,Pasteurplein 18 2522 RC 's-Gravenhage,0616636405
Kleinschalige Kinderopvang Roodkapje,Odijkseweg 72a 3994 AT Houten,06-31697568
Kleinschalige Kinderopvang Roodkapje De Sloten,Snoeksloot 21 3993 HG Houten,06-31697568
Klikkelstein Kinderopvang,Grootschoterweg 10 6021 KC Budel,0495496391
Klokje Rond Kinderopvang,Houtwal 2 5509 KK Veldhoven,0634239069
KMN Kind & Co,Kroonslag 2 7 3991 TW Houten,(0)30 695 84 69
KMN Kind & Co,J. Israëlsstraat 2 1382 VL Weesp,0294-491672
Kober groep,Hooilaan 1 4816 EM Breda,076504 56 00
Kober kinderopvang,Hooilaan 1 4816 EM Breda,0765045605
Kobus,Oude Haven 2 3984 KT Odijk,030-6571215
Koeleköpkes,Marienhagelaan 2 6001 TP Weert,0495-538363
KOK Kinderopvang,De Krom 101 2221 KK Katwijk,0714088994
KOKO Kinderopvang B.V.,Postbus 78 3454 ZH De Meern,0306771552
Kooiduin buitenschoolse opvang,Kooiweg 30 4631 SZ Hoogerheide,0164-614168
KOOS Kinderopvang,Monumentstraat 55a 8101 AK Raalte,0572360185
KOSMO,Twentepoort West 5 7609 RD Almelo,088 234 7400
KOV 't Zonnehoekje,Schoterweg 94 2021 HR Haarlem,0235251264
KOV 't Zonnehoekje,Baden Powellweg 70 1069 LK Amsterdam,0204865474
KOVnet,Wasbeekerlaan 24 2171 AE Sassenheim,0252 752 269
Kraaiennest,Lavendel 1 5061 WB Oisterwijk,013-5220822
Kukelesaantje Kinderdagverblijf,Oude Gest 1 3752 EG Bunschoten spakenburg,0332983163
Kwibus,Boslaan 3 3981 XD Bunnik,030-6570116
Kwink Kinderopvang B.V.,Vijftien Morgen 17/A 3901 HA Veenendaal,0318518036
La Luna,Ter Haar Romenystraat 3 2215 GC Voorhout,025-2234025
Lammetje,Stakman Bossestraat 75 2203 GH Noordwijk zh,071-3616409
Langedijk Stichting Kinderopvang,Spoorstraat 140 1723 NG Noord Scharwoude,0226320208
Larissa Borissenko,Middenmolenplein 104 2807 GV Gouda,06 33897975
Leeuwenkuil,Marienstein 180-a 1852 SN Heiloo,072-5332122
Les Enfants Kinderdagverblijf,Abtswoude 19c 2626 NC Delft,06-41954799
Leuker Kids,Middelstestraat 77 6004 BH Weert,06- 20519589
Leye,Baerdijk 43 5061 GG Oisterwijk,013-5213105
Little Jungle Kinderopvang,Castilielaan 10 5629 CH Eindhoven,0402375761
Locatie BSO  Albertine Agnesschool van Kinderwoud kinderopvang,Prins Bernhardweg 33 8453 XC Oranjewoud,06-516 90 896
Locatie BSO  De Windbreker van Kinderwoud kinderopvang,Hugo de Grootstraat 2 8603 BP Sneek,06-103 77 086
Locatie BSO  It Arendsnest (groene BSO) van Kinderwoud kinderopvang,V Weerden Poelmanstraat 11 9254 CS Hurdegaryp,06-471 13 982
Locatie BSO  It Protternest van Kinderwoud kinderopvang,Marijkepaed 2 9257 VC Noardburgum,
Locatie BSO (NSO)  De Reinboge van Kinderwoud kinderopvang,Iikmounewei 61 9251 EW Burgum,06-471 13 976
Locatie BSO De Bistebus van Kinderwoud kinderopvang,Lauermanstraat 21-B 9251 AX Burgum,0511-46 92 65
Locatie BSO De Roerganger van Kinderwoud kinderopvang,Vogelwijk 21 8446 KC Heerenveen,06-513 69 817
Locatie BSO en KDV  It Arendsnest van Kinderwoud kinderopvang,V Weerden Poelmanstraat 2c 9254 CS Hurdegaryp,0511-52 25 11
Locatie BSO en KDV De Barte van Kinderwoud kinderopvang,Dominee Veenweg 10 8456 HR De knipe,06-533 34 325
Locatie BSO en KDV De Kompenije van Kinderwoud Kinderopvang,Wolfsklauw 25 8411 RC Jubbega,0516-46 39 75
Locatie BSO en PSZ De Einekoer van Kinderwoud kinderopang,Gruttostraat 13 8446 HB Heerenveen,0513-622314 (BSO)    0513-622314 (PSZ)
Locatie BSO Gytsjerk van Kinderwoud kinderopvang,Simke Kloostermanstr 44 9061 BG Gytsjerk,06-190 63 667
Locatie BSO Het Kompas van Kinderwoud kinderopvang,Jol 38 8446 EZ Heerenveen,06-199 73 932
Locatie BSO Mearkelan van Kinderwoud kinderopvang,Van Haersmasingel 6 9062 GB Oentsjerk,06-305 05 763
Locatie BSO Piipba van Kinderwoud kinderopvang,Reidfjild 4 9255 JW Tytsjerk,06-101 35 684
Locatie BSO Schoatterbosk van Kinderwoud kinderopvang,Costerweg 9 8451 BM Oudeschoot,06-198 01 776
"Locatie BSO, KDV en PSZ De Bosplaats van Kinderwoud kinderopvang",Schoterplein 23 8448 RP Heerenveen,0513-610825
Locatie De Akkers van Kinderwoud kinderopvang,Veluwelaan 47 8443 AJ Heerenveen,06-269 44 867
Locatie KDV  De Bijenkorf van Kinderwoud kinderopvang,Cyclamenstraat 1 8441 DR Heerenveen,0513-61 50 39 (KDV)
Locatie KDV  It Protternest van Kinderwoud kinderopvang,Zomerweg 75 9257 ME Noardburgum,06-166 15 389
Locatie KDV  Piipba van Kinderwoud kinderopvang,Reidfjild 54 9255 JW Tytsjerk,0511-43 22 60
Locatie KDV De Poppestien van Kinderwoud kinderopvang,Mr W M Oppedk van Veenwg 7 9251 GA Burgum,0511-46 54 11
Locatie KDV Mearkelan van Kinderwoud kinderopvang,Frisiastate 23 9062 GX Oentsjerk,058-25 603 94
Locatie KDV Oeps van Kinderwoud kinderopvang,Vogelwijk 20 8446 KE Heerenveen,0513-616461
"Locatie KDV, BSO en PSZ  Us Kubus van Kinderwoud kinderopvang",Barten 11 8447 BS Heerenveen,0513-622176 (groep Dribbel KDV)   0513-684094 (groep Dikkie Dik KDV) 0513-623655 (BSO)
Locatie PSZ  De Doerak van Kinderwoud kinderopvang,Johan Willem Frisostraat 57 8606 CT Sneek,0515-42 14 61     06-440 98 284
Locatie PSZ De Ljepper van Kinderwoud kinderopvang,Gruttostraat 13 8446 HB Heerenveen,06-199 75 252
Locatie PSZ De Lytse Kompanjon van Kinderwoud kinderopvang,Dominee Veenweg 10a 8456 HR De knipe,0513-68 81 29
Locatie PSZ en VSO Ekke de Haanschool van Kinderwoud kinderopvang,Zegge 2 8446 CL Heerenveen,06-573 16 871
"Locatie PSZ, KDV en BSO De Bijenkorf van Kinderwoud kinderopvang",Cyclamenstraat 1 8441 CP Heerenveen,0513-61 50 39
Locatie VSO De Ljepper van Kinderwoud kinderopvang,Tureluurstraat 20 8446 HM Heerenveen,06-199 75 252
Lutjebroek,kerkstraat 2 3800 AB Amersfoort,
Maatjes,Willem de Zwijgerlaan 52 6904 CM Zevenaar,0316-526445
Mama-Lou Travel Creche,Stierop 18 1862 JL Bergen,0725817559
Meander,Oeverwallaan 108 2498 BZ Den Haag,015-3108673
Media Kinderopvang,Jacobus Pennweg 4/6 1217 JH Hilversum,0356237322
MIK (Generaties lang kinderopvang),Randwycksingel 25 6229 EG Maastricht,0433517171
Mikz kinderopvang,Dodenauweg 2 5171 NG Kaatsheuvel,0416-369660
Mini's Kinderdagpaleis,Sparrestraat 45 1505 AK Zaandam,0756145025
Mini-Club Kinderdagverblijf,Schaarhuispad 93 - 95 5231 PP 's-Hertogenbosch,0736412678
Minicreche Noena,Doctor Cuyperslaan 108 5623 BD Eindhoven,0408421679
Mira Kinderdagverblijf,Karel Mollenstraat Noord 6 5552 JA Valkenswaard,0402070822
Moedersschoot Kinderdagverblijf voor Kinderen vanaf 6 wkn tot 4 jaar,Dr.H.Colijnstraat 252 1067 CP Amsterdam,0204471451
Mokido,Prinses Margrietstraat 1 5066 BA Moergestel,013-5133906
Molenakker,Molenakkerplein 115 6003 BN Weert,0495-525376
Monkey Donky De Hunze,Beijumerweg 10 9731 EB Groningen,050 579 1072
Monkey Donky Speelhuis,Hamburgerstraat 13 9714 JA Groningen,050-5791072
Monkey Donky Speelhuis,Butjesstraat 8 9712 EW Groningen,050-5791072
Monkey Donky Speelhuis Kinderopvang,Hamburgerstraat 13 9714 JA Groningen,0505791072
Montessori Kinderdagverblijf Centrum Sonsbeek Arnhem,Amsterdamseweg 100 6814 GG Arnhem,0263895298
montris kinderopvang,Gooimeer 3-10 1411 DC Naarden,035-6926171
Moppetoet Kinderdagverblijf,Heggerankweg 192 192 1032 JP Amsterdam,0630909964
MoreThanKidz,Drentse Poort 25 9521 JA Nieuw-Buinen,
Nijntje,Jasmijnstraat 11a 5492 JS Sint oedenrode,0413-420178
Nijntje Pluis Kinderopvang,Brandlichterweg 57 7591 AP Denekamp,0541354966
Nina Nino Kinderdagverblijf,Zeesluisweg 30 2583 DR 's-Gravenhage,0703388227
Noppie Kinderopvang,Voltastraat 40 A 6224 EM Maastricht,06 46564372
Norlandia kinderopvang B.V.,Joseph Haydnlaan 2A 3533 AE Utrecht,088 5791000
Oki-Doki Particulier Kinderdagverblijf,David Tenierslaan 6 3904 ZA Veenendaal,0318519633
Okido,Lavendel 13 5061 WB Oisterwijk,013-5230770
Okidoki Kinderopvang,Langestraat 132 2691 BK 's-Gravenzande,0174 441 510
Ontdekking,Generaal Eisenhowerweg 11 5056 CR Berkel-enschot,?
Oppascentrale de Langstraat,Parallelweg 3 C 5165 RE Waspik,0416-339046
Ot & Sien Kleinschalige Kinderopvang,Oosthavenkade 58 3134 NX Vlaardingen,010 4351920
Ot & Sien Kleinschalige Kinderopvang,Oosthavenkade 72 3134 NX Vlaardingen,0104351920
Oud Zandbergen Peuterspeelzaal,Prins Alexanderweg 1/A 3712 AD Huis ter Heide,030 6931917
Pandaberen,Aartseveen 96 3755 VE Eemnes,06-13470634
Pantomime Particulier Kinderdagverblijf,W Prinzenstraat 14 5701 BH Helmond,0492551802
Pardoes,Peter Zuidlaan 5 2742 XE Waddinxveen,0182-636902
Petits Les Bureau Planning & Organisatie,Donkerelaan 68 2061 JP Bloemendaal,0235318240
Peuterplaza,Antony van Dijcklaan 1 5056 CP Berkel-enschot,013-5335042
"Peuterspeelzaal ""De Holle Bolle Boom""",Schoolstraat 8 9363 BH Marum,06-57847819
Peuterspeelzaal Vechtkroost,Niftarlakelaan 3 3633 CA Vreeland,0294234556
Pido 0 - 4 jaar Kinderopvang,Oosterweg 65/A 9751 PC Haren,0505371220
Pimmetje,Rijnsburgerweg 140 2333 AH Leiden,0715157047
Pinkelotje Kinderdagverblijf,Claes de Vrieselaan 125/B 3021 JJ Rotterdam,0104770222
Piratenplaneet,Kanaalweg 2-4 2741 JK Waddinxveen,0182-637323
Piratenschip,Zonnedauw 1 3831 AG Leusden,06-51959926
Pjutteplak,Trimbeets 38 8401 XD Gorredijk,
Plein nul10,Klaasje Zevensterstraat 6 3193 TW Hoogvliet rotterdam,010 438 65 20
Pluk de Dag Kinderdagverblijf,Druivenstraat 3 4816 KB Breda,076-5712890
Plukde Dag Kinderdagverblijf,Dillehof 9 4907 BG Oosterhout nb,0162-450256
Poespas Kinderdagverblijf,Dommer v Poldersveldtweg 71/A 6523 CW Nijmegen,0243243795
Polleke te Hoogerheide Kinderdagverblijf,Aviolandalaan 20 4631 RM Hoogerheide,0164614168
PSZ Dolfijn / BSO Waterval / KDV Waterwereld,Maaslandlaan 1a 6004 GC Weert,0495-547927
PSZ Engel en Bengel / KDV Kinderkorf / BSO Op Stelten,Chopinstraat 5 6566 DV Millingen aan de rijn,0481-433859
PSZ Kleuterhofje,Kostverloren 7 1251 TN Laren nh,035-6926171
PSZ Pinkeltje / BSO Bij De Pinken,Hofstraat 15 7071 KA Ulft,0315-685985
Puk en Muk,Sebastiaanstraat 10 6011 RE Ell,0495-552278
Rakkertjes,Anjelierstraat 9 6002 TP Weert,0495-541065
Ratjetoe buitenschoolse opvang,Hogebergdreef 55b 4645 EV Putte,0164-614168
Regenboog,Sint Maartenslaan 40 6039 BL Stramproy,0495-564702
Rijckje,Emmasingel 58-60 7141 WP Groenlo,0544-465503
Robbedoes,Oranjelaan 2 6901 BL Zevenaar,0316-344375
Robinson Kinderopvang,Zinneveltlaan 6 2082 GS Santpoort-Zuid,0235394708
Roezemoes,Guido Gezellestraat 40 6901 KZ Zevenaar,0316-247890
Roezemoez,Nicolaas Pieckstraat 2 3232 BP Brielle,06-16198694
Rollebol kindercentra BV,Kennemerstraatweg 13 1814 GA Alkmaar,0725669028
Rolykids Kinderopvang,Binnenhof 72 C 3069 KV Rotterdam,0104360437
Rommelpot,Parklaan 26b 6039 BD Stramproy,0495-564005
Rovertjes,Zuivelplein 7 1097 XD Amsterdam,020 468 21 95
Rozemarijke,Marijkeplein 13 3181 GM Rozenburg zh,0181-212512
Sam Sam,Hoeflaan 5/A 4051 EM Ochten,0344645898
SamSam bso,Koelemaaier 1 4251 DT Werkendam,0183-408444
SamSam kinderdagverblijf,Richter 93 4251 DR Werkendam,0183-408444
Satu,Strandweg 32 3151 HV Hoek van Holland,0174388864
Schatkist,Jacob Catslaan 3 2741 XL Waddinxveen,06-57262912
SDK Kinderopvang,Noorderkroonstraat 164 3318 VT Dordrecht,0786226199
Servicebureau Kinderopvang,Piushaven 6 5017 AN Tilburg,013-583 80 40
Ska kinderopvang Boekweit Putten,Boekweitstraat 20 3882 GN Putten,0341 361 502
SKAR Kinderopvang,Wassenaarweg 40 6843 NW Arnhem,0900 235 75 27
SKAR Kinderopvang Centraal Kantoor,Wassenaarweg 40 6843 NW Arnhem,0900-BELSKAR (0900-2357527/lokaal tarief)
SKDD Kindcentrum de Petteflet,Jagerspad 4 3972 XL Driebergen-rijsenburg,0343 516 000
SKDD Kindcentrum Kroostakker,Akkerweg 40b 3972 AC Driebergen-Rijsenburg,0343 516 000
SKDD Kindcentrum Triangel,Kortenburglaan 13 3941 HP Doorn,0343 516 000
SKDD Kindcentrum ZieZoo,Perzikengaard 25 3941 LP Doorn,0343 516 000
SKDD Kinderdagverblijf het Speelpaleis,Jac. van Ruijsdaellaan 17 3941 ZE Doorn,0343 516 000
SKDD Kinderdagverblijf Olleke Bolleke,Engweg 24F 3972 JH Driebergen-rijsenburg,0343 516 000
SKE kinderopvang,Wethouder Nijhuisstraat 1 7545 NA Enschede,0534800020
SKIDkinderopvang locatie Koala Assen,p/a Spijkerboorsdijk 3 9468 CG Annen,0592-304190/0592-302909
SKRS,Lauriestraat 42 1741 CK Schagen,0224 298 363
SKSG,Hereweg 101 9721 AA Groningen,050 313 7727
SKSG Aduard,Burgemeester van Barneveldweg 21 9831 RD Aduard,06 13932714
SKSG Atlantis,Kiel 5 9733 EB Groningen,06 49494355
SKSG Baloe,Gerbrand Bakkerstraat 107 9713 HG Groningen,06 49675738
SKSG Barabas,Dirk Huizingastraat 13 9713 GL Groningen,06 49494430
SKSG Battello,Veenweg 1 9728 NH Groningen,050 525 6901
SKSG Bengelhuus,Noorderweg 61C 9804 RL Noordhorn,06 22918732
SKSG Bernewille,Verbindingsweg 7 9865 TE Opende,0594 659 744
SKSG Boegbeeld,Koerspad 3 9735 AK Groningen,050 541 2365
SKSG Break Out,Hoofdweg 163 9614 AD Harkstede,06 49494210
SKSG Bredero,Ina Boudierplantsoen 3 9721 XA Groningen,06 49494870
SKSG Bruintje Beer,Bankastraat 72 9715 CJ Groningen,050 571 7416
SKSG Bubbel,Spant 1 9356 EA Tolbert,06 15552332
SKSG Calcio,Laan Corpus Den Hoorn 101 9728 JR Groningen,06 49494611
SKSG Decibel,Meeuwerderweg 159 9724 ES Groningen,06 49493778
SKSG Dolfijn,Witte de Withstraat 18 9726 ED Groningen,06 25221820
SKSG Duimelot,Bloemersmastraat 1 9822 AA Niekerk,06 13932743
SKSG Engelbert,Woldjerspoorweg 5 5 9723 ER Groningen,050 549 0104
SKSG Flonkersteen,Siersteenlaan 484 9743 EZ Groningen,Siersteenlaan
SKSG Grootegast,Hoofdstraat 81 9861 AC Grootegast,06 13932366
SKSG Gruthoes,Schoolstraat 19 9883 PG Oldehove,06 13932577
SKSG Hummelhuis,Spilsluizen 3 9712 NR Groningen,050 313 1962
SKSG Kameleon,Onnemaheerd 6-1 9736 AM Groningen,050 549 4392
SKSG Kardinge,Kardingerplein 1 9735 AA Groningen,06 49494599
SKSG Kastanjeplein,Nieuwstad 12 9711 JP Groningen,050 313 98 28
SKSG Kids International,Rijksstraatweg 24 9752 AE Haren,06 21690221
SKSG Klavertje 3,J.C. Kapteynlaan 51 9714 CN Groningen,050 573 1677
SKSG Klavertje 6,Bilderdijklaan 123 9721 PT Groningen,050 526 1222
SKSG Krullevaar,Meeroeverslaan 312 9613 AE Groningen,050 230 6062
SKSG Lancelot,Maresiusstraat 22 9746 BH Groningen,06 49494871
SKSG Liekelei,Nijenoertweg 38 9351 HT Leek,0594 514 274
SKSG locatie UMCG,"Hanzeplein, ingang 29 1 9713 GZ Groningen",06 49494589
SKSG Lycurgus,Zilverlaan 10/2 9743 RK Groningen,050 317 1390
SKSG Melkweg,Poolsterlaan 2 9742 KR Groningen,050 571 8617
SKSG Merdeka,Molukkenstraat 1 9715 NR Groningen,050 579 1199
SKSG Naranja,H.W. Mesdagstraat 77 9718 HE Groningen,050 311 3430
SKSG Noordster,Rijksstraatweg 1 9801 AM Zuidhorn,06 10124152
SKSG Notenkraker,Sweelincklaan 2 9722 JV Groningen,050 526 7091
SKSG Optimist,Vaargeul 117 9732 JS Groningen,06 30333601
SKSG Oranje,Prinsesseweg 44 9717 BK Groningen,050 205 0650
SKSG Paddeltje,Loefzijde 4 9733 EA Groningen,050 541 8589
SKSG Paleis,Graaf Adolfstraat 73 9717 ED Groningen,06 22022725
SKSG Pierewiet,Klaprooslaan 13B 9713 SH Groningen,050 313 9685
SKSG Pinokkio,Hooiweg 3 9801 AJ Zuidhorn,06 53784526
SKSG Poolster,Huygensstraat 2 9727 JD Groningen,050 520 1819
SKSG Preschool,Chopinlaan 4 9722 KE Groningen,050 317 1390
SKSG Ranonkel,Zuiderweg 70-8 9744 AP Groningen,050 556 6564
SKSG Regenboog,Eikenlaan 288-3 9741 EW Groningen,050 573 4157
SKSG Rode Pimpernel,Emingaheerd 2 9736 GA Groningen,050 549 6975
SKSG Rodenburg,Rodenburg 2 9351 PV Leek,06 49494616
SKSG St. Franciscus,Star Numanstraat 52 9714 JS Groningen,06 49494354
SKSG Stadspark,Concourslaan 2 9727 KD Groningen,06 49494826
SKSG Ster,Verzetsstrijderslaan 2A 9727 CE Groningen,050 317 1390
SKSG Symfonie,Helper Brink 50 9722 ER Groningen,050 820 0984
SKSG Toermalijn,Siersteenlaan 480 9743 EZ Groningen,050 573 2088
SKSG Toverlantaarn Christoffel,Rode Kruislaan 73 9728 CT Groningen,050 526 0830
SKSG Toverlantaarn Tummetot,Lauwersstraat 3 9725 HD Groningen,050 525 9197
SKSG Vlindertuin,De Knip 1A 9351 XZ Leek,06 21638608
SKSG Vuurtoren,Anker 14A 9732 HV Groningen,050 549 4231
SKSG Waterrijk,Slenk 2 9746 RS Groningen,06 49641863
SKSG Woelwater,Admiraal Helfrichstraat 5 9801 EM Zuidhorn,0594 507 052
Small Society Bunschoten Kinderdagverblijf,Molenstraat 10 3752 CG Bunschoten spakenburg,0332990958
Smoesel,Margrietlaan 80 6006 ZZ Weert,06-20518856
Snorkelland,Zwartsluiskade 2 3826 EG Amersfoort,033-4340185
Snuffie Kinderdagverblijf,Gouden Leeuw 105 1103 KA Amsterdam Zuidoost,0206959973
Speeldoos,Leuvenstraat 1 5121 VC Rijen,06- 10696348
Speelkasteel,Ittervoorterweg 95 6005 NP Weert,0495-552284
Speelkwartier,Pastoor Bluemersplein 5 7064 BK Silvolde,06-81570978
SpeelOkee Kinderdagverblijf B.V.,Oost-Voorstraat 109 3262 JH Oud beijerland,0186625701
Spetter Buitenschoolse opvang,Aviolandalaan 20 4631 RM Hoogerheide,0164 614168
Spetters,Rijneiland 3 3984 MA Odijk,030- 6563833
Speuldoees,Sint Barbaraplein 2a 6005 SR Tungelroy,0495-561895
SSPOH/Compas,Postbus 104 5240 AC Rosmalen,073-8507824
St. Jozef,Grotestraat 142 5931 CZ Tegelen,077-3260855
St. Kinderopvang Oud Gastel,Veerkensweg 24 4751 CS Oud Gastel,0165513980
Stg. Kinderopvang Rolde,Drostenhof 2a 9451 KG Rolde,0592-242576
Stichting De Hoeksche School Kinderopvang,Biezenvijver 5 3297 GK Puttershoek,0186650020
Stichting Kindercentra Gorinchem,Vijfzinnenstraat 4/B 4201 JD Gorinchem,0183660692
Stichting Kinderopvang & peuterspeelzaal Irene,Marconiweg 2c 3112 EP Schiedam,0104142891
Stichting Kinderopvang Alkmaar,Kofschipstraat 10/A 1826 CG Alkmaar,0725147147
Stichting Kinderopvang en Peuterspeelzaalwerk Culemborg,Prijsseweg 45 4105 LE Culemborg,0345517477
STICHTING KINDEROPVANG HUIZEN,Postbus 3060 1270 EB Huizen,0355269999
Stichting Kinderopvang Kralingen,Oostzeedijk Beneden 41 A 3062 VL Rotterdam,0102400092
Stichting Kinderopvang Meijel,Kurversweg 4 5768 RS Meijel,0774664560
Stichting Kinderopvang Mundo,Marconiweg 2c 3112 EP Schiedam,010-2461133
Stichting Kinderopvang Noordoostpolder SKN,Europalaan 40 A 8303 GJ Emmeloord,0527620613
Stichting Kinderopvang Oegstgeest,Rustenburgerpad 2 2342 BT Oegstgeest,0715159800
stichting kinderopvang stampertjes,Godelindedwarsstraat 34 1402 WP Bussum,
Stichting Kinderopvang Zeeuwsch-vlaanderen,Bellamystraat 28 4532 CP Terneuzen,0115612368
Stichting Kinderspeelzalen Harderwijk,Postbus 1132 3840 BC Harderwijk,0341460183
Stichting Milou,schilperoortstraat 45a 3082 SP Rotterdam,0104517099
Stichting Opvang Anders,De Surmontstraat 49 1181 RV Amstelveen,0204414904
Stichting Peutercentra Arnhem,Mr. B.M. Teldersstraat 13 6842 CT Arnhem,0263523350
Stichting Peutersaen,Hendrick Rietschoofplein 2 1506 GV Zaandam,0757630510
Stichting Samenwijs Opvang en Onderwijs,Schoolstraat 38 5081 VH Hilvarenbeek,013-5057500
"Stichting Welluswijs centr adm, tevens locatie De Kameleon",Blanckvoortallee 6 7773 AH Hardenberg,0523 712 272
StipStap,Burg van Kluyvestraat 1 7091 AW Dinxperlo,0315-654590
Thuishuis Oole,Steiger 35 9732 EN Groningen,06-44181555
Tien,Dijckpotingen 4 3237 AK Vierpolders,06-27343327
Tieners & Co,Kerkstraat 21 6374 HH Landgraaf,045-5320632
TIKO kinderopvang,Voorstraat 34 9291 CK Kollum,0511543017
Til,Hoogvlietlaan 23 3235 BK Rockanje,0181-405840
Timboektoe,Goudmos 67 2914 AG Nieuwerkerk ad ijssel,0180-322389
TintelTuin,Klaprozenweg 75-F 1033 NN Amsterdam,088 078 0780
tkreekeltje,Lindenlaan 12 4554 BK Westdorpe,0115 450605
Toddie,Kanaalweg 1 1851 LP Heiloo,072-5333838
Tomtiedom Kinderdagverblijf,Boerhaavelaan 53 2334 EE Leiden,0718890287
Toverbal,Asschatterweg 36c 3831 JT Leusden,033-4941549
Toverberen,De Meent 3 3833 EA Leusden,033-4324761
Toverberg,Korenweg 43a 7064 BW Silvolde,0315-340520
Tovercirkel,Vullingsweg 64-66 6418 HV Heerlen,045-5431144
Trema Kinderopvang,Singel 16d 4255 HD Nieuwendijk nb,0183-408444
Twizon,Dr.de Brouwerlaan 74 5283 EE Boxtel,0411-707501
Up Kinderopvang,P. van Vlietlaan 8 2285 XM Rijswijk,070-7920220
Van Harte B.V.,Straelseweg 331 a 5916 AA Venlo,077-3512005
VANDAAG gastouderbureau De Wâlden,Noarder Stasjonsstrjitte 17 9271 CH De Westereen,0646776278
Viela Spring,Molenstraat 2A 5737 BW Lieshout,0499-423562
Villa Kakelbont,Doctor Keyzerlaan 21a 5051 PB Goirle,013-7500901
Villa Kakelbont,W. M. Dudokweg 43 1703 DA Heerhugowaard,072 572 0405
Villa Kakelbont Kinderdagopvang,markestraat 1a 9481 BH Vries,0592309609
Villa Lilla Kinderdagverblijf,De Omloop 13 1852 RJ Heiloo,0725090030
Villa op Stelten,Sint Jansstraat 1-03 5051 RG Goirle,06-51117440
Villa4kids,Statenlaan 105 5121 HC Rijen,0161-231310
VIPKids Boskoop B.V.,Gouwestraat 3 2771 CG Boskoop,06 33897975
Vlieger,Hermesweg 20 6432 CT Hoensbroek,045-5211710
Vrijbuiters,Kerkweg 64 6155 KN Puth,046-4495995
vrije kindeopvang eindhoven,Mimosaplein 1 5643 CJ Eindhoven,040-2110648
Waag,Waagstraat 10 5611 KZ Eindhoven,06-41401239
WatchOut,Meidoornstraat 2 6002 TZ Weert,0495-526378
Watergeusje,Anna Hoevestraat 4 3232 VC Brielle,0181-418713
Wegwijzer,Burg Haverkampstraat 1 7091 CN Dinxperlo,06-57205746
Wiedewei,Vroonlandseweg 49b 4421 BW Kapelle,0113-760349
Wiekslag,Molendijk 2a 3161 KM Rhoon,010-5013595
Willemijntje Kinderopvang BV,Wilhelminapark 55 5041 ED Tilburg,0135367953
Windekind,Van Weerden Poelmanstr 192 6417 ES Heerlen,06-53816667
Wiskids Kinderopvang,Voorstraat 58 2611 JS Delft,0152137542
Woelewippie Kinderopvang,Polderstraat 4 4815 AH Breda,0765717443
Wollewei,Wieenweg 6 6445 CD Brunssum,045-5272017
Wonderland Buitenschoolse Opvang,Mariastraat 20 2181 CT Hillegom,085-2733444
Wonderland Buitenschoolse Opvang,Vondellaan 35b 2332 AA Leiden,085-2733447
Wonderland Kinderopvang,Vondellaan 45 2332 AA Leiden,085-2733440
Wonderland Kinderopvang,Stationsweg 25 2182 BA Hillegom,085-2733443
Yesi de Jong,De Rival 39 9207 CV Drachten,06 21853338
Zandkasteel,Gruenepad 32 2203 EZ Noordwijk zh,071-3613944
Zeedistel,Uitvaltij 2 2201 WL Noordwijk zh,071-3612627
ZieZo kdv en bso,Pastoor Lipsplantsoen 8 4273 XX Hank,0183-408444
"Zigzag, verpleegkundige en gespecialiseerde kindzorg",Holenweg 14F 1624 PB Hoorn nh,
"Zigzag, verpleegkundige en gespecialiseerde kindzorg",Amsteldijk 196 1079 LK Amsterdam,0204941296
Zonne Kinderopvang,Donker Curtiusware 12 8014 TL Zwolle,
~Klein Camelot~ kleinschalige kinderopvang,Israel Queridolaan 70 1948 DJ Beverwijk,
‘t Pippi Huis,Delftweg 18 2289 AJ Rijswijk,06-19835206
